country,mean_wbgt
Bangladesh,23.760311
Bhutan,7.5868535
India,20.645563
Nepal,11.249358
Pakistan,18.546078
Sri Lanka,24.588945
