country,mean_wbgt
Bangladesh,23.737297
Bhutan,7.1631403
India,20.572672
Nepal,10.527405
Pakistan,18.004992
Sri Lanka,24.803244
