country,mean_wbgt
Bangladesh,23.646547
Bhutan,7.4859986
India,20.290838
Nepal,10.824021
Pakistan,17.971336
Sri Lanka,24.529476
