country,mean_wbgt
Bangladesh,23.979645
Bhutan,7.6962557
India,20.660215
Nepal,11.013119
Pakistan,18.426094
Sri Lanka,24.992374
